{"cameraMode":{"drawMode":0,"name":"Shaded","section":"Shading Mode"},"sceneLighting":false,"audioPlay":false,"sceneViewState":{"showFog":true,"showMaterialUpdate":false,"showSkybox":true,"showFlares":true,"showImageEffects":true,"showParticleSystems":true},"in2DMode":false,"pivot":{"x":5.048769950866699,"y":-3.5880279541015627,"z":-8.17137336730957},"rotation":{"x":0.7445716261863709,"y":-0.06557270884513855,"z":0.07395440340042114,"w":0.6601848602294922},"size":68.7724380493164,"orthographic":false}