{"cameraMode":{"drawMode":0,"name":"Shaded","section":"Shading Mode"},"sceneLighting":false,"audioPlay":false,"sceneViewState":{"showFog":true,"showMaterialUpdate":false,"showSkybox":true,"showFlares":true,"showImageEffects":true,"showParticleSystems":true},"in2DMode":false,"pivot":{"x":0.9368166923522949,"y":-4.150335311889648,"z":0.1699112057685852},"rotation":{"x":-0.6611024141311646,"y":0.2522353529930115,"z":-0.2526954710483551,"w":-0.6598984599113464},"size":15.400087356567383,"orthographic":false}